{
	"bmi-installation" : null,
	"compiler-frontend-variant" : "GNU",
	"compiler-id" : "Clang",
	"compiler-simulate-id" : "MSVC",
	"config" : "Debug",
	"cxx-modules" : {},
	"database-info" : null,
	"dir-cur-bld" : "K:/SnakeGame/cmake-build-debug",
	"dir-cur-src" : "K:/SnakeGame",
	"dir-top-bld" : "K:/SnakeGame/cmake-build-debug",
	"dir-top-src" : "K:/SnakeGame",
	"exports" : [],
	"forward-modules-from-target-dirs" : [],
	"include-dirs" : 
	[
		"vcpkg_installed\\x64-windows\\include",
		"vcpkg_installed\\x64-windows\\include\\SDL2"
	],
	"language" : "CXX",
	"linked-target-dirs" : [],
	"module-dir" : "K:/SnakeGame/cmake-build-debug/CMakeFiles/SnakeGame.dir",
	"sources" : 
	{
		"CMakeFiles/SnakeGame.dir/HUD.cpp.obj" : 
		{
			"language" : "CXX",
			"source" : "K:/SnakeGame/HUD.cpp"
		},
		"CMakeFiles/SnakeGame.dir/ObstacleGenerator.cpp.obj" : 
		{
			"language" : "CXX",
			"source" : "K:/SnakeGame/ObstacleGenerator.cpp"
		},
		"CMakeFiles/SnakeGame.dir/Pathfinder.cpp.obj" : 
		{
			"language" : "CXX",
			"source" : "K:/SnakeGame/Pathfinder.cpp"
		},
		"CMakeFiles/SnakeGame.dir/Snake.cpp.obj" : 
		{
			"language" : "CXX",
			"source" : "K:/SnakeGame/Snake.cpp"
		},
		"CMakeFiles/SnakeGame.dir/game.cpp.obj" : 
		{
			"language" : "CXX",
			"source" : "K:/SnakeGame/game.cpp"
		},
		"CMakeFiles/SnakeGame.dir/grid.cpp.obj" : 
		{
			"language" : "CXX",
			"source" : "K:/SnakeGame/grid.cpp"
		},
		"CMakeFiles/SnakeGame.dir/main.cpp.obj" : 
		{
			"language" : "CXX",
			"source" : "K:/SnakeGame/main.cpp"
		}
	}
}