{
  "$schema": "https://raw.githubusercontent.com/spdx/spdx-spec/v2.2.1/schemas/spdx-schema.json",
  "spdxVersion": "SPDX-2.2",
  "dataLicense": "CC0-1.0",
  "SPDXID": "SPDXRef-DOCUMENT",
  "documentNamespace": "https://spdx.org/spdxdocs/sdl2-x64-windows-2.28.4#1-58efa2cb-7b41-42ab-a2fe-135ee7ca59f2",
  "name": "sdl2:x64-windows@2.28.4#1 9386ff6fc17acdeefc1936e6e76edf4bc3b15ce8a7f91568f33f2974dd5c01cd",
  "creationInfo": {
    "creators": [
      "Tool: vcpkg-2025-04-16-f9b6c6917b23c1ccf16c1a9f015ebabf8f615045"
    ],
    "created": "2025-06-17T22:27:07Z"
  },
  "relationships": [
    {
      "spdxElementId": "SPDXRef-port",
      "relationshipType": "GENERATES",
      "relatedSpdxElement": "SPDXRef-binary"
    },
    {
      "spdxElementId": "SPDXRef-port",
      "relationshipType": "CONTAINS",
      "relatedSpdxElement": "SPDXRef-file-0"
    },
    {
      "spdxElementId": "SPDXRef-port",
      "relationshipType": "CONTAINS",
      "relatedSpdxElement": "SPDXRef-file-1"
    },
    {
      "spdxElementId": "SPDXRef-port",
      "relationshipType": "CONTAINS",
      "relatedSpdxElement": "SPDXRef-file-2"
    },
    {
      "spdxElementId": "SPDXRef-port",
      "relationshipType": "CONTAINS",
      "relatedSpdxElement": "SPDXRef-file-3"
    },
    {
      "spdxElementId": "SPDXRef-port",
      "relationshipType": "CONTAINS",
      "relatedSpdxElement": "SPDXRef-file-4"
    },
    {
      "spdxElementId": "SPDXRef-binary",
      "relationshipType": "GENERATED_FROM",
      "relatedSpdxElement": "SPDXRef-port"
    },
    {
      "spdxElementId": "SPDXRef-file-0",
      "relationshipType": "CONTAINED_BY",
      "relatedSpdxElement": "SPDXRef-port"
    },
    {
      "spdxElementId": "SPDXRef-file-1",
      "relationshipType": "CONTAINED_BY",
      "relatedSpdxElement": "SPDXRef-port"
    },
    {
      "spdxElementId": "SPDXRef-file-2",
      "relationshipType": "CONTAINED_BY",
      "relatedSpdxElement": "SPDXRef-port"
    },
    {
      "spdxElementId": "SPDXRef-file-3",
      "relationshipType": "CONTAINED_BY",
      "relatedSpdxElement": "SPDXRef-port"
    },
    {
      "spdxElementId": "SPDXRef-file-4",
      "relationshipType": "CONTAINED_BY",
      "relatedSpdxElement": "SPDXRef-port"
    },
    {
      "spdxElementId": "SPDXRef-file-4",
      "relationshipType": "DEPENDENCY_MANIFEST_OF",
      "relatedSpdxElement": "SPDXRef-port"
    }
  ],
  "packages": [
    {
      "name": "sdl2",
      "SPDXID": "SPDXRef-port",
      "versionInfo": "2.28.4#1",
      "downloadLocation": "git+https://github.com/Microsoft/vcpkg@3d625914314454b36d303ce86753840f6193f2bd",
      "homepage": "https://www.libsdl.org/download-2.0.php",
      "licenseConcluded": "Zlib",
      "licenseDeclared": "NOASSERTION",
      "copyrightText": "NOASSERTION",
      "description": "Simple DirectMedia Layer is a cross-platform development library designed to provide low level access to audio, keyboard, mouse, joystick, and graphics hardware via OpenGL and Direct3D.",
      "comment": "This is the port (recipe) consumed by vcpkg."
    },
    {
      "name": "sdl2:x64-windows",
      "SPDXID": "SPDXRef-binary",
      "versionInfo": "9386ff6fc17acdeefc1936e6e76edf4bc3b15ce8a7f91568f33f2974dd5c01cd",
      "downloadLocation": "NONE",
      "licenseConcluded": "Zlib",
      "licenseDeclared": "NOASSERTION",
      "copyrightText": "NOASSERTION",
      "comment": "This is a binary package built by vcpkg."
    },
    {
      "SPDXID": "SPDXRef-resource-0",
      "name": "libsdl-org/SDL",
      "downloadLocation": "git+https://github.com/libsdl-org/SDL@release-2.28.4",
      "licenseConcluded": "NOASSERTION",
      "licenseDeclared": "NOASSERTION",
      "copyrightText": "NOASSERTION",
      "checksums": [
        {
          "algorithm": "SHA512",
          "checksumValue": "3199e535033c8728bd12b97931d5c5d7a7dcc9b0f502109ff722982601b6fbb00995d71cbaab7d3b780c738deece235ef76ab1963ce946084c482c2d31a4abe8"
        }
      ]
    }
  ],
  "files": [
    {
      "fileName": "./alsa-dep-fix.patch",
      "SPDXID": "SPDXRef-file-0",
      "checksums": [
        {
          "algorithm": "SHA256",
          "checksumValue": "a7b0f2b37683b106f1a0dbe97e677da7b8b176d635643df9436bb112372c4d94"
        }
      ],
      "licenseConcluded": "NOASSERTION",
      "copyrightText": "NOASSERTION"
    },
    {
      "fileName": "./deps.patch",
      "SPDXID": "SPDXRef-file-1",
      "checksums": [
        {
          "algorithm": "SHA256",
          "checksumValue": "d429bf68ebd9ebe26a86b1e52406caae8866b7453b8682bacb7de91d22e56d32"
        }
      ],
      "licenseConcluded": "NOASSERTION",
      "copyrightText": "NOASSERTION"
    },
    {
      "fileName": "./portfile.cmake",
      "SPDXID": "SPDXRef-file-2",
      "checksums": [
        {
          "algorithm": "SHA256",
          "checksumValue": "69ee3e7589dd8992267b99b9a804e1aac3b7f6f54dd73cfe5b2daca825a1fc55"
        }
      ],
      "licenseConcluded": "NOASSERTION",
      "copyrightText": "NOASSERTION"
    },
    {
      "fileName": "./usage",
      "SPDXID": "SPDXRef-file-3",
      "checksums": [
        {
          "algorithm": "SHA256",
          "checksumValue": "aabdfa919705cdcc06a6ed59ef2dce9a9425d32661bc498980ff521b27cf674d"
        }
      ],
      "licenseConcluded": "NOASSERTION",
      "copyrightText": "NOASSERTION"
    },
    {
      "fileName": "./vcpkg.json",
      "SPDXID": "SPDXRef-file-4",
      "checksums": [
        {
          "algorithm": "SHA256",
          "checksumValue": "7ea088276b930b2ced8c4b21410bf7a13c08f431f37aa196952881164acecb00"
        }
      ],
      "licenseConcluded": "NOASSERTION",
      "copyrightText": "NOASSERTION"
    }
  ]
}
